{
  "feature_names": [
    "solar_zenith_angle",
    "refl_0_65um_nom",
    "temp_3_75um_nom",
    "temp_11_0um_nom",
    "air_temperature",
    "dew_point",
    "relative_humidity",
    "total_precipitable_water",
    "surface_albedo"
  ],
  "label_names": [
    "clear_fraction",
    "water_fraction",
    "ice_fraction"
  ],
  "norm_params": {
    "air_temperature": {
      "mean": 16.00594139099121,
      "stdev": 11.98440933227539
    },
    "dew_point": {
      "mean": 3.945199966430664,
      "stdev": 10.879876136779785
    },
    "refl_0_65um_nom": {
      "mean": 39.19608688354492,
      "stdev": 24.93048858642578
    },
    "relative_humidity": {
      "mean": 52.425697326660156,
      "stdev": 24.99810791015625
    },
    "solar_zenith_angle": {
      "mean": 57.23277282714844,
      "stdev": 18.104923248291016
    },
    "surface_albedo": {
      "mean": 0.2533925771713257,
      "stdev": 0.18582965433597565
    },
    "temp_11_0um_nom": {
      "mean": 269.0114440917969,
      "stdev": 25.470684051513672
    },
    "temp_3_75um_nom": {
      "mean": 282.10797119140625,
      "stdev": 21.106142044067383
    },
    "total_precipitable_water": {
      "mean": 1.8050390481948853,
      "stdev": 1.2690160274505615
    }
  },
  "normalize": [
    true,
    false
  ],
  "one_hot_categories": {},
  "version_record": {
    "nrel-rex": "0.2.90",
    "numpy": "1.23.5",
    "pandas": "2.2.2",
    "phygnn": "0.0.29",
    "python": "3.11.9 (main, Apr 19 2024, 16:48:06) [GCC 11.2.0]",
    "sklearn": "1.5.1",
    "tensorflow": "2.12.0"
  }
}