{
  "feature_names": [
    "solar_zenith_angle",
    "refl_0_65um_nom",
    "refl_0_65um_nom_stddev_3x3",
    "refl_3_75um_nom",
    "temp_3_75um_nom",
    "temp_11_0um_nom",
    "temp_11_0um_nom_stddev_3x3",
    "cloud_probability",
    "cloud_fraction",
    "air_temperature",
    "dew_point",
    "relative_humidity",
    "total_precipitable_water",
    "surface_albedo",
    "clear",
    "ice_cloud",
    "water_cloud",
    "bad_cloud"
  ],
  "label_names": [
    "cld_opd_dcomp",
    "cld_reff_dcomp"
  ],
  "norm_params": {
    "air_temperature": {
      "mean": 16.124982833862305,
      "stdev": 11.84194564819336
    },
    "cloud_fraction": {
      "mean": 0.5672568082809448,
      "stdev": 0.4539960026741028
    },
    "cloud_probability": {
      "mean": 0.5650492906570435,
      "stdev": 0.46643948554992676
    },
    "dew_point": {
      "mean": 4.798868656158447,
      "stdev": 11.101716041564941
    },
    "refl_0_65um_nom": {
      "mean": 37.81562042236328,
      "stdev": 24.336963653564453
    },
    "refl_0_65um_nom_stddev_3x3": {
      "mean": 4.28480339050293,
      "stdev": 4.424727439880371
    },
    "refl_3_75um_nom": {
      "mean": 11.47240161895752,
      "stdev": 12.911937713623047
    },
    "relative_humidity": {
      "mean": 54.02729415893555,
      "stdev": 24.17642593383789
    },
    "solar_zenith_angle": {
      "mean": 58.7283935546875,
      "stdev": 18.924114227294922
    },
    "surface_albedo": {
      "mean": 0.26975077390670776,
      "stdev": 0.2258138209581375
    },
    "temp_11_0um_nom": {
      "mean": 271.6136474609375,
      "stdev": 22.653749465942383
    },
    "temp_11_0um_nom_stddev_3x3": {
      "mean": 2.0026345252990723,
      "stdev": 2.4366323947906494
    },
    "temp_3_75um_nom": {
      "mean": 284.5048522949219,
      "stdev": 17.658428192138672
    },
    "total_precipitable_water": {
      "mean": 1.8571019172668457,
      "stdev": 1.2970675230026245
    }
  },
  "normalize": [
    true,
    false
  ],
  "one_hot_categories": {
    "flag": [
      "clear",
      "ice_cloud",
      "water_cloud",
      "bad_cloud"
    ]
  }
}