{
  "feature_names": [
    "solar_zenith_angle",
    "refl_0_65um_nom",
    "temp_3_75um_nom",
    "temp_11_0um_nom",
    "air_temperature",
    "cld_press_acha",
    "dew_point",
    "relative_humidity",
    "total_precipitable_water",
    "surface_albedo"
  ],
  "label_names": [
    "cld_opd_dcomp",
    "cld_reff_dcomp",
    "clear_fraction",
    "ice_fraction",
    "water_fraction"
  ],
  "norm_params": {
    "air_temperature": {
      "mean": 15.582802772521973,
      "stdev": 11.921552658081055
    },
    "cld_press_acha": {
      "mean": 215.185546875,
      "stdev": 249.64356994628906
    },
    "dew_point": {
      "mean": 3.431467294692993,
      "stdev": 10.653557777404785
    },
    "refl_0_65um_nom": {
      "mean": 40.186729431152344,
      "stdev": 25.39301109313965
    },
    "relative_humidity": {
      "mean": 52.41926574707031,
      "stdev": 25.466402053833008
    },
    "solar_zenith_angle": {
      "mean": 57.38764572143555,
      "stdev": 18.041961669921875
    },
    "surface_albedo": {
      "mean": 0.25968706607818604,
      "stdev": 0.19469965994358063
    },
    "temp_11_0um_nom": {
      "mean": 268.54620361328125,
      "stdev": 25.511808395385742
    },
    "temp_3_75um_nom": {
      "mean": 282.12506103515625,
      "stdev": 20.706504821777344
    },
    "total_precipitable_water": {
      "mean": 1.739487886428833,
      "stdev": 1.2336927652359009
    }
  },
  "normalize": [
    true,
    false
  ],
  "one_hot_categories": {},
  "version_record": {
    "nrel-rex": "0.2.90",
    "numpy": "1.24.3",
    "pandas": "2.2.2",
    "phygnn": "0.0.29",
    "python": "3.11.9 (main, Apr 19 2024, 16:48:06) [GCC 11.2.0]",
    "sklearn": "1.5.1",
    "tensorflow": "2.15.1"
  }
}