{
  "feature_names": [
    "solar_zenith_angle",
    "refl_0_65um_nom",
    "refl_0_65um_nom_stddev_3x3",
    "refl_3_75um_nom",
    "temp_3_75um_nom",
    "temp_11_0um_nom",
    "temp_11_0um_nom_stddev_3x3",
    "cloud_probability",
    "cloud_fraction",
    "air_temperature",
    "dew_point",
    "relative_humidity",
    "total_precipitable_water",
    "surface_albedo",
    "clear",
    "ice_cloud",
    "water_cloud",
    "bad_cloud"
  ],
  "label_names": [
    "cld_opd_dcomp",
    "cld_reff_dcomp"
  ],
  "norm_params": {
    "air_temperature": {
      "mean": 16.127986907958984,
      "stdev": 11.84241008758545
    },
    "cloud_fraction": {
      "mean": 0.5341636538505554,
      "stdev": 0.4622381627559662
    },
    "cloud_probability": {
      "mean": 0.542636513710022,
      "stdev": 0.4747506380081177
    },
    "dew_point": {
      "mean": 4.7997050285339355,
      "stdev": 11.101767539978027
    },
    "refl_0_65um_nom": {
      "mean": 37.66127014160156,
      "stdev": 24.377763748168945
    },
    "refl_0_65um_nom_stddev_3x3": {
      "mean": 4.338438987731934,
      "stdev": 4.45752477645874
    },
    "refl_3_75um_nom": {
      "mean": 11.620566368103027,
      "stdev": 13.130560874938965
    },
    "relative_humidity": {
      "mean": 54.020843505859375,
      "stdev": 24.174379348754883
    },
    "solar_zenith_angle": {
      "mean": 58.72838592529297,
      "stdev": 18.924110412597656
    },
    "surface_albedo": {
      "mean": 0.26975077390670776,
      "stdev": 0.2258138209581375
    },
    "temp_11_0um_nom": {
      "mean": 271.4681091308594,
      "stdev": 22.730247497558594
    },
    "temp_11_0um_nom_stddev_3x3": {
      "mean": 2.0392134189605713,
      "stdev": 2.5064151287078857
    },
    "temp_3_75um_nom": {
      "mean": 284.4654846191406,
      "stdev": 17.84540367126465
    },
    "total_precipitable_water": {
      "mean": 1.8574331998825073,
      "stdev": 1.297297477722168
    }
  },
  "normalize": [
    true,
    false
  ],
  "one_hot_categories": {
    "flag": [
      "clear",
      "ice_cloud",
      "water_cloud",
      "bad_cloud"
    ]
  }
}