{
  "feature_names": [
    "solar_zenith_angle",
    "refl_0_65um_nom",
    "refl_0_65um_nom_stddev_3x3",
    "refl_3_75um_nom",
    "temp_3_75um_nom",
    "temp_11_0um_nom",
    "temp_11_0um_nom_stddev_3x3",
    "cloud_probability",
    "cloud_fraction",
    "air_temperature",
    "dew_point",
    "relative_humidity",
    "total_precipitable_water",
    "surface_albedo",
    "clear",
    "ice_cloud",
    "water_cloud",
    "bad_cloud"
  ],
  "label_names": [
    "cld_opd_dcomp",
    "cld_reff_dcomp"
  ],
  "norm_params": {
    "air_temperature": {
      "mean": 15.831243515014648,
      "stdev": 12.05295467376709
    },
    "cloud_fraction": {
      "mean": 0.5769417881965637,
      "stdev": 0.4530116021633148
    },
    "cloud_probability": {
      "mean": 0.5747740864753723,
      "stdev": 0.46487537026405334
    },
    "dew_point": {
      "mean": 4.949996471405029,
      "stdev": 11.126692771911621
    },
    "refl_0_65um_nom": {
      "mean": 38.790733337402344,
      "stdev": 24.560651779174805
    },
    "refl_0_65um_nom_stddev_3x3": {
      "mean": 4.226341724395752,
      "stdev": 4.327268600463867
    },
    "refl_3_75um_nom": {
      "mean": 11.37043571472168,
      "stdev": 13.085908889770508
    },
    "relative_humidity": {
      "mean": 55.921241760253906,
      "stdev": 24.694215774536133
    },
    "solar_zenith_angle": {
      "mean": 58.972511291503906,
      "stdev": 18.83247184753418
    },
    "surface_albedo": {
      "mean": 0.27574795484542847,
      "stdev": 0.23277483880519867
    },
    "temp_11_0um_nom": {
      "mean": 271.2065124511719,
      "stdev": 22.664770126342773
    },
    "temp_11_0um_nom_stddev_3x3": {
      "mean": 1.9355696439743042,
      "stdev": 2.3471341133117676
    },
    "temp_3_75um_nom": {
      "mean": 284.0467529296875,
      "stdev": 17.760250091552734
    },
    "total_precipitable_water": {
      "mean": 1.8710174560546875,
      "stdev": 1.289662480354309
    }
  },
  "normalize": [
    true,
    false
  ],
  "one_hot_categories": {
    "flag": [
      "clear",
      "ice_cloud",
      "water_cloud",
      "bad_cloud"
    ]
  }
}