{
  "feature_names": [
    "solar_zenith_angle",
    "refl_0_65um_nom",
    "refl_0_65um_nom_stddev_3x3",
    "refl_3_75um_nom",
    "temp_3_75um_nom",
    "temp_11_0um_nom",
    "temp_11_0um_nom_stddev_3x3",
    "cloud_probability",
    "cloud_fraction",
    "air_temperature",
    "dew_point",
    "relative_humidity",
    "total_precipitable_water",
    "surface_albedo",
    "clear",
    "ice_cloud",
    "water_cloud",
    "bad_cloud"
  ],
  "label_names": [
    "cld_opd_dcomp",
    "cld_reff_dcomp"
  ],
  "norm_params": {
    "air_temperature": {
      "mean": 16.70557403564453,
      "stdev": 11.53685188293457
    },
    "cloud_fraction": {
      "mean": 0.5284448862075806,
      "stdev": 0.46270495653152466
    },
    "cloud_probability": {
      "mean": 0.5370169281959534,
      "stdev": 0.4757767617702484
    },
    "dew_point": {
      "mean": 5.317331790924072,
      "stdev": 11.1492919921875
    },
    "refl_0_65um_nom": {
      "mean": 36.89480972290039,
      "stdev": 24.336776733398438
    },
    "refl_0_65um_nom_stddev_3x3": {
      "mean": 4.361927509307861,
      "stdev": 4.518841743469238
    },
    "refl_3_75um_nom": {
      "mean": 11.691606521606445,
      "stdev": 13.209213256835938
    },
    "relative_humidity": {
      "mean": 54.28905487060547,
      "stdev": 24.72795295715332
    },
    "solar_zenith_angle": {
      "mean": 58.23809051513672,
      "stdev": 19.081531524658203
    },
    "surface_albedo": {
      "mean": 0.256197452545166,
      "stdev": 0.20924492180347443
    },
    "temp_11_0um_nom": {
      "mean": 272.1150817871094,
      "stdev": 22.80077362060547
    },
    "temp_11_0um_nom_stddev_3x3": {
      "mean": 2.049800157546997,
      "stdev": 2.539985418319702
    },
    "temp_3_75um_nom": {
      "mean": 285.1014404296875,
      "stdev": 17.73186683654785
    },
    "total_precipitable_water": {
      "mean": 1.9084584712982178,
      "stdev": 1.3357577323913574
    }
  },
  "normalize": [
    true,
    false
  ],
  "one_hot_categories": {
    "flag": [
      "clear",
      "ice_cloud",
      "water_cloud",
      "bad_cloud"
    ]
  }
}