{
  "feature_names": [
    "solar_zenith_angle",
    "refl_0_65um_nom",
    "refl_0_65um_nom_stddev_3x3",
    "refl_3_75um_nom",
    "temp_3_75um_nom",
    "temp_11_0um_nom",
    "temp_11_0um_nom_stddev_3x3",
    "cloud_probability",
    "cloud_fraction",
    "air_temperature",
    "dew_point",
    "relative_humidity",
    "total_precipitable_water",
    "surface_albedo",
    "clear",
    "ice_cloud",
    "water_cloud",
    "bad_cloud"
  ],
  "label_names": [
    "cld_opd_dcomp",
    "cld_reff_dcomp"
  ],
  "norm_params": {
    "air_temperature": {
      "mean": 15.735146522521973,
      "stdev": 11.899572372436523
    },
    "cloud_fraction": {
      "mean": 0.5762572288513184,
      "stdev": 0.45202067494392395
    },
    "cloud_probability": {
      "mean": 0.5742457509040833,
      "stdev": 0.4645244777202606
    },
    "dew_point": {
      "mean": 4.111425399780273,
      "stdev": 10.94372272491455
    },
    "refl_0_65um_nom": {
      "mean": 38.385398864746094,
      "stdev": 24.44755744934082
    },
    "refl_0_65um_nom_stddev_3x3": {
      "mean": 4.398652076721191,
      "stdev": 4.488351345062256
    },
    "refl_3_75um_nom": {
      "mean": 11.37104606628418,
      "stdev": 12.912491798400879
    },
    "relative_humidity": {
      "mean": 53.39778518676758,
      "stdev": 24.71894645690918
    },
    "solar_zenith_angle": {
      "mean": 58.92124938964844,
      "stdev": 18.83782196044922
    },
    "surface_albedo": {
      "mean": 0.27815696597099304,
      "stdev": 0.23721195757389069
    },
    "temp_11_0um_nom": {
      "mean": 271.09881591796875,
      "stdev": 22.666109085083008
    },
    "temp_11_0um_nom_stddev_3x3": {
      "mean": 2.057823896408081,
      "stdev": 2.4671826362609863
    },
    "temp_3_75um_nom": {
      "mean": 284.0433044433594,
      "stdev": 17.688369750976562
    },
    "total_precipitable_water": {
      "mean": 1.7797465324401855,
      "stdev": 1.2575030326843262
    }
  },
  "normalize": [
    true,
    false
  ],
  "one_hot_categories": {
    "flag": [
      "clear",
      "ice_cloud",
      "water_cloud",
      "bad_cloud"
    ]
  }
}