{
  "feature_names": [
    "solar_zenith_angle",
    "refl_0_65um_nom",
    "refl_0_65um_nom_stddev_3x3",
    "refl_3_75um_nom",
    "temp_3_75um_nom",
    "temp_11_0um_nom",
    "temp_11_0um_nom_stddev_3x3",
    "cloud_probability",
    "cloud_fraction",
    "air_temperature",
    "dew_point",
    "relative_humidity",
    "total_precipitable_water",
    "surface_albedo",
    "clear",
    "ice_cloud",
    "water_cloud",
    "bad_cloud"
  ],
  "label_names": [
    "cld_opd_dcomp",
    "cld_reff_dcomp"
  ],
  "norm_params": {
    "air_temperature": {
      "mean": 15.737740516662598,
      "stdev": 11.89997386932373
    },
    "cloud_fraction": {
      "mean": 0.5441024899482727,
      "stdev": 0.46065497398376465
    },
    "cloud_probability": {
      "mean": 0.5527235865592957,
      "stdev": 0.473156601190567
    },
    "dew_point": {
      "mean": 4.112154006958008,
      "stdev": 10.943689346313477
    },
    "refl_0_65um_nom": {
      "mean": 38.24519729614258,
      "stdev": 24.525169372558594
    },
    "refl_0_65um_nom_stddev_3x3": {
      "mean": 4.4740095138549805,
      "stdev": 4.5214009284973145
    },
    "refl_3_75um_nom": {
      "mean": 11.57756519317627,
      "stdev": 13.154362678527832
    },
    "relative_humidity": {
      "mean": 53.392513275146484,
      "stdev": 24.71742820739746
    },
    "solar_zenith_angle": {
      "mean": 58.92124938964844,
      "stdev": 18.837820053100586
    },
    "surface_albedo": {
      "mean": 0.27815696597099304,
      "stdev": 0.23721195757389069
    },
    "temp_11_0um_nom": {
      "mean": 270.9516906738281,
      "stdev": 22.741708755493164
    },
    "temp_11_0um_nom_stddev_3x3": {
      "mean": 2.0963804721832275,
      "stdev": 2.537625551223755
    },
    "temp_3_75um_nom": {
      "mean": 284.0382995605469,
      "stdev": 17.882080078125
    },
    "total_precipitable_water": {
      "mean": 1.7799955606460571,
      "stdev": 1.257645606994629
    }
  },
  "normalize": [
    true,
    false
  ],
  "one_hot_categories": {
    "flag": [
      "clear",
      "ice_cloud",
      "water_cloud",
      "bad_cloud"
    ]
  }
}