{
  "feature_names": [
    "solar_zenith_angle",
    "refl_0_65um_nom",
    "refl_0_65um_nom_stddev_3x3",
    "refl_3_75um_nom",
    "temp_3_75um_nom",
    "temp_11_0um_nom",
    "temp_11_0um_nom_stddev_3x3",
    "cloud_probability",
    "cloud_fraction",
    "air_temperature",
    "dew_point",
    "relative_humidity",
    "total_precipitable_water",
    "surface_albedo",
    "clear",
    "ice_cloud",
    "water_cloud",
    "bad_cloud"
  ],
  "label_names": [
    "cld_opd_dcomp",
    "cld_reff_dcomp"
  ],
  "norm_params": {
    "air_temperature": {
      "mean": 16.18016815185547,
      "stdev": 11.952848434448242
    },
    "cloud_fraction": {
      "mean": 0.5289707183837891,
      "stdev": 0.4638449549674988
    },
    "cloud_probability": {
      "mean": 0.536681592464447,
      "stdev": 0.47569286823272705
    },
    "dew_point": {
      "mean": 5.533781051635742,
      "stdev": 11.296719551086426
    },
    "refl_0_65um_nom": {
      "mean": 37.84911346435547,
      "stdev": 24.49965476989746
    },
    "refl_0_65um_nom_stddev_3x3": {
      "mean": 4.150899887084961,
      "stdev": 4.296512603759766
    },
    "refl_3_75um_nom": {
      "mean": 11.761526107788086,
      "stdev": 13.324453353881836
    },
    "relative_humidity": {
      "mean": 56.276832580566406,
      "stdev": 24.0811710357666
    },
    "solar_zenith_angle": {
      "mean": 58.72779083251953,
      "stdev": 18.94159507751465
    },
    "surface_albedo": {
      "mean": 0.26763060688972473,
      "stdev": 0.22336043417453766
    },
    "temp_11_0um_nom": {
      "mean": 271.7596435546875,
      "stdev": 22.768810272216797
    },
    "temp_11_0um_nom_stddev_3x3": {
      "mean": 1.9168027639389038,
      "stdev": 2.388141393661499
    },
    "temp_3_75um_nom": {
      "mean": 284.6835632324219,
      "stdev": 17.977426528930664
    },
    "total_precipitable_water": {
      "mean": 1.9372023344039917,
      "stdev": 1.3295466899871826
    }
  },
  "normalize": [
    true,
    false
  ],
  "one_hot_categories": {
    "flag": [
      "clear",
      "ice_cloud",
      "water_cloud",
      "bad_cloud"
    ]
  }
}