{
  "feature_names": [
    "solar_zenith_angle",
    "refl_0_65um_nom",
    "refl_0_65um_nom_stddev_3x3",
    "refl_3_75um_nom",
    "temp_3_75um_nom",
    "temp_11_0um_nom",
    "temp_11_0um_nom_stddev_3x3",
    "cloud_probability",
    "cloud_fraction",
    "air_temperature",
    "dew_point",
    "relative_humidity",
    "total_precipitable_water",
    "surface_albedo",
    "clear",
    "ice_cloud",
    "water_cloud",
    "bad_cloud"
  ],
  "label_names": [
    "cld_opd_dcomp",
    "cld_reff_dcomp"
  ],
  "norm_params": {
    "air_temperature": {
      "mean": 16.44071388244629,
      "stdev": 11.916302680969238
    },
    "cloud_fraction": {
      "mean": 0.546812891960144,
      "stdev": 0.45604240894317627
    },
    "cloud_probability": {
      "mean": 0.545307457447052,
      "stdev": 0.4684083163738251
    },
    "dew_point": {
      "mean": 4.411928653717041,
      "stdev": 11.142868995666504
    },
    "refl_0_65um_nom": {
      "mean": 37.051353454589844,
      "stdev": 23.841108322143555
    },
    "refl_0_65um_nom_stddev_3x3": {
      "mean": 4.184126853942871,
      "stdev": 4.396738529205322
    },
    "refl_3_75um_nom": {
      "mean": 11.44023323059082,
      "stdev": 12.709297180175781
    },
    "relative_humidity": {
      "mean": 51.885738372802734,
      "stdev": 23.9652042388916
    },
    "solar_zenith_angle": {
      "mean": 58.68610382080078,
      "stdev": 18.953296661376953
    },
    "surface_albedo": {
      "mean": 0.26883283257484436,
      "stdev": 0.22532892227172852
    },
    "temp_11_0um_nom": {
      "mean": 272.45062255859375,
      "stdev": 22.823196411132812
    },
    "temp_11_0um_nom_stddev_3x3": {
      "mean": 2.0333786010742188,
      "stdev": 2.4989449977874756
    },
    "temp_3_75um_nom": {
      "mean": 285.04681396484375,
      "stdev": 17.790985107421875
    },
    "total_precipitable_water": {
      "mean": 1.8223928213119507,
      "stdev": 1.287081003189087
    }
  },
  "normalize": [
    true,
    false
  ],
  "one_hot_categories": {
    "flag": [
      "clear",
      "ice_cloud",
      "water_cloud",
      "bad_cloud"
    ]
  }
}