{
  "feature_names": [
    "solar_zenith_angle",
    "refl_0_65um_nom",
    "refl_0_65um_nom_stddev_3x3",
    "refl_3_75um_nom",
    "temp_3_75um_nom",
    "temp_11_0um_nom",
    "temp_11_0um_nom_stddev_3x3",
    "cloud_probability",
    "cloud_fraction",
    "air_temperature",
    "dew_point",
    "relative_humidity",
    "total_precipitable_water",
    "surface_albedo",
    "clear",
    "ice_cloud",
    "water_cloud",
    "bad_cloud"
  ],
  "label_names": [
    "cld_opd_dcomp",
    "cld_reff_dcomp"
  ],
  "norm_params": {
    "air_temperature": {
      "mean": 15.346548080444336,
      "stdev": 11.79403018951416
    },
    "cloud_fraction": {
      "mean": 0.5608571767807007,
      "stdev": 0.4595206379890442
    },
    "cloud_probability": {
      "mean": 0.569394588470459,
      "stdev": 0.47095057368278503
    },
    "dew_point": {
      "mean": 5.6531877517700195,
      "stdev": 11.214874267578125
    },
    "refl_0_65um_nom": {
      "mean": 38.546409606933594,
      "stdev": 25.131519317626953
    },
    "refl_0_65um_nom_stddev_3x3": {
      "mean": 4.432355880737305,
      "stdev": 4.523204803466797
    },
    "refl_3_75um_nom": {
      "mean": 11.253178596496582,
      "stdev": 12.774232864379883
    },
    "relative_humidity": {
      "mean": 57.70389938354492,
      "stdev": 22.350025177001953
    },
    "solar_zenith_angle": {
      "mean": 58.92855453491211,
      "stdev": 18.842275619506836
    },
    "surface_albedo": {
      "mean": 0.2767568528652191,
      "stdev": 0.2386491745710373
    },
    "temp_11_0um_nom": {
      "mean": 269.6145935058594,
      "stdev": 22.031869888305664
    },
    "temp_11_0um_nom_stddev_3x3": {
      "mean": 2.010981798171997,
      "stdev": 2.448563814163208
    },
    "temp_3_75um_nom": {
      "mean": 283.0025939941406,
      "stdev": 17.250097274780273
    },
    "total_precipitable_water": {
      "mean": 1.9404163360595703,
      "stdev": 1.3301922082901
    }
  },
  "normalize": [
    true,
    false
  ],
  "one_hot_categories": {
    "flag": [
      "clear",
      "ice_cloud",
      "water_cloud",
      "bad_cloud"
    ]
  }
}