{
  "feature_names": [
    "solar_zenith_angle",
    "refl_0_65um_nom",
    "refl_0_65um_nom_stddev_3x3",
    "refl_3_75um_nom",
    "temp_3_75um_nom",
    "temp_11_0um_nom",
    "temp_11_0um_nom_stddev_3x3",
    "cloud_probability",
    "cloud_fraction",
    "air_temperature",
    "dew_point",
    "relative_humidity",
    "total_precipitable_water",
    "surface_albedo",
    "clear",
    "ice_cloud",
    "water_cloud",
    "bad_cloud"
  ],
  "label_names": [
    "cld_opd_dcomp",
    "cld_reff_dcomp"
  ],
  "norm_params": {
    "air_temperature": {
      "mean": 16.2723445892334,
      "stdev": 11.969388961791992
    },
    "cloud_fraction": {
      "mean": 0.5665498375892639,
      "stdev": 0.45513808727264404
    },
    "cloud_probability": {
      "mean": 0.564154326915741,
      "stdev": 0.4669781029224396
    },
    "dew_point": {
      "mean": 5.631753921508789,
      "stdev": 11.230669975280762
    },
    "refl_0_65um_nom": {
      "mean": 38.09715270996094,
      "stdev": 24.447023391723633
    },
    "refl_0_65um_nom_stddev_3x3": {
      "mean": 4.121259689331055,
      "stdev": 4.271509170532227
    },
    "refl_3_75um_nom": {
      "mean": 11.491722106933594,
      "stdev": 13.066126823425293
    },
    "relative_humidity": {
      "mean": 56.31563186645508,
      "stdev": 24.031909942626953
    },
    "solar_zenith_angle": {
      "mean": 58.74897003173828,
      "stdev": 18.931224822998047
    },
    "surface_albedo": {
      "mean": 0.2666218876838684,
      "stdev": 0.2201506346464157
    },
    "temp_11_0um_nom": {
      "mean": 271.7759704589844,
      "stdev": 22.665250778198242
    },
    "temp_11_0um_nom_stddev_3x3": {
      "mean": 1.8889466524124146,
      "stdev": 2.3246798515319824
    },
    "temp_3_75um_nom": {
      "mean": 284.56719970703125,
      "stdev": 17.740285873413086
    },
    "total_precipitable_water": {
      "mean": 1.9485416412353516,
      "stdev": 1.3254210948944092
    }
  },
  "normalize": [
    true,
    false
  ],
  "one_hot_categories": {
    "flag": [
      "clear",
      "ice_cloud",
      "water_cloud",
      "bad_cloud"
    ]
  }
}