{
  "feature_names": [
    "solar_zenith_angle",
    "refl_0_65um_nom",
    "refl_0_65um_nom_stddev_3x3",
    "refl_3_75um_nom",
    "temp_3_75um_nom",
    "temp_11_0um_nom",
    "temp_11_0um_nom_stddev_3x3",
    "cloud_probability",
    "cloud_fraction",
    "air_temperature",
    "dew_point",
    "relative_humidity",
    "total_precipitable_water",
    "surface_albedo",
    "clear",
    "ice_cloud",
    "water_cloud",
    "bad_cloud"
  ],
  "label_names": [
    "cld_opd_dcomp",
    "cld_reff_dcomp"
  ],
  "norm_params": {
    "air_temperature": {
      "mean": 15.737740516662598,
      "stdev": 11.89997386932373
    },
    "cloud_fraction": {
      "mean": 0.5367197394371033,
      "stdev": 0.4635331928730011
    },
    "cloud_probability": {
      "mean": 0.5400002002716064,
      "stdev": 0.47628235816955566
    },
    "dew_point": {
      "mean": 4.112154006958008,
      "stdev": 10.943689346313477
    },
    "refl_0_65um_nom": {
      "mean": 37.80080795288086,
      "stdev": 24.417781829833984
    },
    "refl_0_65um_nom_stddev_3x3": {
      "mean": 4.346737384796143,
      "stdev": 4.4021806716918945
    },
    "refl_3_75um_nom": {
      "mean": 11.510782241821289,
      "stdev": 13.299310684204102
    },
    "relative_humidity": {
      "mean": 53.392513275146484,
      "stdev": 24.71742820739746
    },
    "solar_zenith_angle": {
      "mean": 58.92124938964844,
      "stdev": 18.837820053100586
    },
    "surface_albedo": {
      "mean": 0.2607526481151581,
      "stdev": 0.1954721063375473
    },
    "temp_11_0um_nom": {
      "mean": 271.006591796875,
      "stdev": 22.910511016845703
    },
    "temp_11_0um_nom_stddev_3x3": {
      "mean": 2.0797247886657715,
      "stdev": 2.5521862506866455
    },
    "temp_3_75um_nom": {
      "mean": 284.0511779785156,
      "stdev": 17.99522590637207
    },
    "total_precipitable_water": {
      "mean": 1.7799955606460571,
      "stdev": 1.257645606994629
    }
  },
  "normalize": [
    true,
    false
  ],
  "one_hot_categories": {
    "flag": [
      "clear",
      "ice_cloud",
      "water_cloud",
      "bad_cloud"
    ]
  }
}