{
  "feature_names": [
    "solar_zenith_angle",
    "refl_0_65um_nom",
    "refl_0_65um_nom_stddev_3x3",
    "refl_3_75um_nom",
    "temp_3_75um_nom",
    "temp_11_0um_nom",
    "temp_11_0um_nom_stddev_3x3",
    "cloud_probability",
    "cloud_fraction",
    "air_temperature",
    "dew_point",
    "relative_humidity",
    "total_precipitable_water",
    "surface_albedo",
    "clear",
    "ice_cloud",
    "water_cloud",
    "bad_cloud"
  ],
  "label_names": [
    "cld_opd_dcomp",
    "cld_reff_dcomp"
  ],
  "norm_params": {
    "air_temperature": {
      "mean": 16.73846435546875,
      "stdev": 11.585108757019043
    },
    "cloud_fraction": {
      "mean": 0.5286505222320557,
      "stdev": 0.4617941975593567
    },
    "cloud_probability": {
      "mean": 0.5370409488677979,
      "stdev": 0.4758368730545044
    },
    "dew_point": {
      "mean": 4.740106105804443,
      "stdev": 10.984405517578125
    },
    "refl_0_65um_nom": {
      "mean": 36.94487380981445,
      "stdev": 24.227642059326172
    },
    "refl_0_65um_nom_stddev_3x3": {
      "mean": 4.435616970062256,
      "stdev": 4.533301830291748
    },
    "refl_3_75um_nom": {
      "mean": 11.77685546875,
      "stdev": 13.258326530456543
    },
    "relative_humidity": {
      "mean": 52.1441650390625,
      "stdev": 24.317398071289062
    },
    "solar_zenith_angle": {
      "mean": 58.510013580322266,
      "stdev": 19.01816177368164
    },
    "surface_albedo": {
      "mean": 0.25717753171920776,
      "stdev": 0.211551234126091
    },
    "temp_11_0um_nom": {
      "mean": 272.02783203125,
      "stdev": 22.88695526123047
    },
    "temp_11_0um_nom_stddev_3x3": {
      "mean": 2.0996434688568115,
      "stdev": 2.553502321243286
    },
    "temp_3_75um_nom": {
      "mean": 285.0135498046875,
      "stdev": 17.865888595581055
    },
    "total_precipitable_water": {
      "mean": 1.8563176393508911,
      "stdev": 1.3093863725662231
    }
  },
  "normalize": [
    true,
    false
  ],
  "one_hot_categories": {
    "flag": [
      "clear",
      "ice_cloud",
      "water_cloud",
      "bad_cloud"
    ]
  }
}