{
  "feature_names": [
    "solar_zenith_angle",
    "refl_0_65um_nom",
    "refl_0_65um_nom_stddev_3x3",
    "refl_3_75um_nom",
    "temp_3_75um_nom",
    "temp_11_0um_nom",
    "temp_11_0um_nom_stddev_3x3",
    "cloud_probability",
    "cloud_fraction",
    "air_temperature",
    "dew_point",
    "relative_humidity",
    "total_precipitable_water",
    "surface_albedo",
    "clear",
    "ice_cloud",
    "water_cloud",
    "bad_cloud"
  ],
  "label_names": [
    "cld_opd_dcomp",
    "cld_reff_dcomp"
  ],
  "norm_params": {
    "air_temperature": {
      "mean": 16.18016815185547,
      "stdev": 11.952848434448242
    },
    "cloud_fraction": {
      "mean": 0.5225578546524048,
      "stdev": 0.4663136601448059
    },
    "cloud_probability": {
      "mean": 0.525109052658081,
      "stdev": 0.4780668020248413
    },
    "dew_point": {
      "mean": 5.533781051635742,
      "stdev": 11.296719551086426
    },
    "refl_0_65um_nom": {
      "mean": 37.422332763671875,
      "stdev": 24.384197235107422
    },
    "refl_0_65um_nom_stddev_3x3": {
      "mean": 4.06133508682251,
      "stdev": 4.210755348205566
    },
    "refl_3_75um_nom": {
      "mean": 11.63880443572998,
      "stdev": 13.398473739624023
    },
    "relative_humidity": {
      "mean": 56.276832580566406,
      "stdev": 24.0811710357666
    },
    "solar_zenith_angle": {
      "mean": 58.72779083251953,
      "stdev": 18.94159507751465
    },
    "surface_albedo": {
      "mean": 0.25246667861938477,
      "stdev": 0.18403677642345428
    },
    "temp_11_0um_nom": {
      "mean": 271.7796936035156,
      "stdev": 22.85997772216797
    },
    "temp_11_0um_nom_stddev_3x3": {
      "mean": 1.8963305950164795,
      "stdev": 2.3901419639587402
    },
    "temp_3_75um_nom": {
      "mean": 284.6180725097656,
      "stdev": 18.09079360961914
    },
    "total_precipitable_water": {
      "mean": 1.9372023344039917,
      "stdev": 1.3295466899871826
    }
  },
  "normalize": [
    true,
    false
  ],
  "one_hot_categories": {
    "flag": [
      "clear",
      "ice_cloud",
      "water_cloud",
      "bad_cloud"
    ]
  }
}