{
  "feature_names": [
    "solar_zenith_angle",
    "refl_0_65um_nom",
    "refl_0_65um_nom_stddev_3x3",
    "refl_3_75um_nom",
    "temp_3_75um_nom",
    "temp_11_0um_nom",
    "temp_11_0um_nom_stddev_3x3",
    "cloud_probability",
    "cloud_fraction",
    "air_temperature",
    "dew_point",
    "relative_humidity",
    "total_precipitable_water",
    "surface_albedo",
    "clear",
    "ice_cloud",
    "water_cloud",
    "bad_cloud"
  ],
  "label_names": [
    "cld_opd_dcomp",
    "cld_reff_dcomp"
  ],
  "norm_params": {
    "air_temperature": {
      "mean": 15.343953132629395,
      "stdev": 11.793753623962402
    },
    "cloud_fraction": {
      "mean": 0.5979559421539307,
      "stdev": 0.4481453001499176
    },
    "cloud_probability": {
      "mean": 0.5941152572631836,
      "stdev": 0.4608369469642639
    },
    "dew_point": {
      "mean": 5.652449607849121,
      "stdev": 11.214754104614258
    },
    "refl_0_65um_nom": {
      "mean": 38.49299621582031,
      "stdev": 25.123125076293945
    },
    "refl_0_65um_nom_stddev_3x3": {
      "mean": 4.403764247894287,
      "stdev": 4.474899768829346
    },
    "refl_3_75um_nom": {
      "mean": 11.155620574951172,
      "stdev": 12.654681205749512
    },
    "relative_humidity": {
      "mean": 57.71033477783203,
      "stdev": 22.352066040039062
    },
    "solar_zenith_angle": {
      "mean": 58.928565979003906,
      "stdev": 18.8422794342041
    },
    "surface_albedo": {
      "mean": 0.2767568528652191,
      "stdev": 0.2386491745710373
    },
    "temp_11_0um_nom": {
      "mean": 269.74749755859375,
      "stdev": 21.91431999206543
    },
    "temp_11_0um_nom_stddev_3x3": {
      "mean": 1.9865245819091797,
      "stdev": 2.387382745742798
    },
    "temp_3_75um_nom": {
      "mean": 283.05816650390625,
      "stdev": 17.0948543548584
    },
    "total_precipitable_water": {
      "mean": 1.9400922060012817,
      "stdev": 1.3299449682235718
    }
  },
  "normalize": [
    true,
    false
  ],
  "one_hot_categories": {
    "flag": [
      "clear",
      "ice_cloud",
      "water_cloud",
      "bad_cloud"
    ]
  }
}