{
  "feature_names": [
    "solar_zenith_angle",
    "refl_0_65um_nom",
    "refl_0_65um_nom_stddev_3x3",
    "refl_3_75um_nom",
    "temp_3_75um_nom",
    "temp_11_0um_nom",
    "temp_11_0um_nom_stddev_3x3",
    "cloud_probability",
    "cloud_fraction",
    "air_temperature",
    "dew_point",
    "relative_humidity",
    "total_precipitable_water",
    "surface_albedo",
    "clear",
    "ice_cloud",
    "water_cloud",
    "bad_cloud"
  ],
  "label_names": [
    "cld_opd_dcomp",
    "cld_reff_dcomp"
  ],
  "norm_params": {
    "air_temperature": {
      "mean": 16.702199935913086,
      "stdev": 11.536489486694336
    },
    "cloud_fraction": {
      "mean": 0.5603313446044922,
      "stdev": 0.45489761233329773
    },
    "cloud_probability": {
      "mean": 0.5584444403648376,
      "stdev": 0.46768978238105774
    },
    "dew_point": {
      "mean": 5.316385269165039,
      "stdev": 11.149276733398438
    },
    "refl_0_65um_nom": {
      "mean": 37.008243560791016,
      "stdev": 24.27375602722168
    },
    "refl_0_65um_nom_stddev_3x3": {
      "mean": 4.3086371421813965,
      "stdev": 4.472724437713623
    },
    "refl_3_75um_nom": {
      "mean": 11.513331413269043,
      "stdev": 12.97164535522461
    },
    "relative_humidity": {
      "mean": 54.29632568359375,
      "stdev": 24.730140686035156
    },
    "solar_zenith_angle": {
      "mean": 58.23809051513672,
      "stdev": 19.081533432006836
    },
    "surface_albedo": {
      "mean": 0.256197452545166,
      "stdev": 0.20924492180347443
    },
    "temp_11_0um_nom": {
      "mean": 272.26348876953125,
      "stdev": 22.714801788330078
    },
    "temp_11_0um_nom_stddev_3x3": {
      "mean": 2.0137455463409424,
      "stdev": 2.46712589263916
    },
    "temp_3_75um_nom": {
      "mean": 285.1226806640625,
      "stdev": 17.543907165527344
    },
    "total_precipitable_water": {
      "mean": 1.9080820083618164,
      "stdev": 1.3355145454406738
    }
  },
  "normalize": [
    true,
    false
  ],
  "one_hot_categories": {
    "flag": [
      "clear",
      "ice_cloud",
      "water_cloud",
      "bad_cloud"
    ]
  }
}