{
  "feature_names": [
    "solar_zenith_angle",
    "refl_0_65um_nom",
    "refl_0_65um_nom_stddev_3x3",
    "refl_3_75um_nom",
    "temp_3_75um_nom",
    "temp_11_0um_nom",
    "temp_11_0um_nom_stddev_3x3",
    "cloud_probability",
    "cloud_fraction",
    "air_temperature",
    "dew_point",
    "relative_humidity",
    "total_precipitable_water",
    "surface_albedo",
    "clear",
    "ice_cloud",
    "water_cloud",
    "bad_cloud"
  ],
  "label_names": [
    "cld_opd_dcomp",
    "cld_reff_dcomp"
  ],
  "norm_params": {
    "air_temperature": {
      "mean": 16.73846435546875,
      "stdev": 11.585108757019043
    },
    "cloud_fraction": {
      "mean": 0.521173357963562,
      "stdev": 0.4645358622074127
    },
    "cloud_probability": {
      "mean": 0.5241690874099731,
      "stdev": 0.478641152381897
    },
    "dew_point": {
      "mean": 4.740106105804443,
      "stdev": 10.984405517578125
    },
    "refl_0_65um_nom": {
      "mean": 36.50676727294922,
      "stdev": 24.115341186523438
    },
    "refl_0_65um_nom_stddev_3x3": {
      "mean": 4.311115264892578,
      "stdev": 4.413638591766357
    },
    "refl_3_75um_nom": {
      "mean": 11.706787109375,
      "stdev": 13.396940231323242
    },
    "relative_humidity": {
      "mean": 52.1441650390625,
      "stdev": 24.317398071289062
    },
    "solar_zenith_angle": {
      "mean": 58.510013580322266,
      "stdev": 19.01816177368164
    },
    "surface_albedo": {
      "mean": 0.2436084896326065,
      "stdev": 0.17379255592823029
    },
    "temp_11_0um_nom": {
      "mean": 272.0850830078125,
      "stdev": 23.0494327545166
    },
    "temp_11_0um_nom_stddev_3x3": {
      "mean": 2.082742691040039,
      "stdev": 2.568974256515503
    },
    "temp_3_75um_nom": {
      "mean": 285.0276184082031,
      "stdev": 17.972148895263672
    },
    "total_precipitable_water": {
      "mean": 1.8563176393508911,
      "stdev": 1.3093863725662231
    }
  },
  "normalize": [
    true,
    false
  ],
  "one_hot_categories": {
    "flag": [
      "clear",
      "ice_cloud",
      "water_cloud",
      "bad_cloud"
    ]
  }
}