{
  "feature_names": [
    "solar_zenith_angle",
    "refl_0_65um_nom",
    "refl_0_65um_nom_stddev_3x3",
    "refl_3_75um_nom",
    "temp_3_75um_nom",
    "temp_11_0um_nom",
    "temp_11_0um_nom_stddev_3x3",
    "cloud_probability",
    "cloud_fraction",
    "air_temperature",
    "dew_point",
    "relative_humidity",
    "total_precipitable_water",
    "surface_albedo",
    "clear",
    "ice_cloud",
    "water_cloud",
    "bad_cloud"
  ],
  "label_names": [
    "cld_opd_dcomp",
    "cld_reff_dcomp"
  ],
  "norm_params": {
    "air_temperature": {
      "mean": 16.44347381591797,
      "stdev": 11.916886329650879
    },
    "cloud_fraction": {
      "mean": 0.5072940587997437,
      "stdev": 0.465566486120224
    },
    "cloud_probability": {
      "mean": 0.5106245875358582,
      "stdev": 0.47845458984375
    },
    "dew_point": {
      "mean": 4.412693023681641,
      "stdev": 11.142888069152832
    },
    "refl_0_65um_nom": {
      "mean": 36.48481750488281,
      "stdev": 23.739816665649414
    },
    "refl_0_65um_nom_stddev_3x3": {
      "mean": 4.076981067657471,
      "stdev": 4.290346622467041
    },
    "refl_3_75um_nom": {
      "mean": 11.549234390258789,
      "stdev": 13.121009826660156
    },
    "relative_humidity": {
      "mean": 51.88046646118164,
      "stdev": 23.96417236328125
    },
    "solar_zenith_angle": {
      "mean": 58.68610382080078,
      "stdev": 18.953292846679688
    },
    "surface_albedo": {
      "mean": 0.2534099817276001,
      "stdev": 0.18578679859638214
    },
    "temp_11_0um_nom": {
      "mean": 272.3531799316406,
      "stdev": 23.057476043701172
    },
    "temp_11_0um_nom_stddev_3x3": {
      "mean": 2.0411853790283203,
      "stdev": 2.5786097049713135
    },
    "temp_3_75um_nom": {
      "mean": 285.01434326171875,
      "stdev": 18.086803436279297
    },
    "total_precipitable_water": {
      "mean": 1.8226925134658813,
      "stdev": 1.2872865200042725
    }
  },
  "normalize": [
    true,
    false
  ],
  "one_hot_categories": {
    "flag": [
      "clear",
      "ice_cloud",
      "water_cloud",
      "bad_cloud"
    ]
  }
}