{
  "feature_names": [
    "solar_zenith_angle",
    "refl_0_65um_nom",
    "refl_0_65um_nom_stddev_3x3",
    "refl_3_75um_nom",
    "temp_3_75um_nom",
    "temp_11_0um_nom",
    "temp_11_0um_nom_stddev_3x3",
    "cloud_probability",
    "cloud_fraction",
    "air_temperature",
    "dew_point",
    "relative_humidity",
    "total_precipitable_water",
    "surface_albedo",
    "clear",
    "ice_cloud",
    "water_cloud",
    "bad_cloud"
  ],
  "label_names": [
    "cld_opd_dcomp",
    "cld_reff_dcomp"
  ],
  "norm_params": {
    "air_temperature": {
      "mean": 15.547880172729492,
      "stdev": 11.963462829589844
    },
    "cloud_fraction": {
      "mean": 0.5309821963310242,
      "stdev": 0.46430864930152893
    },
    "cloud_probability": {
      "mean": 0.534832239151001,
      "stdev": 0.4766579866409302
    },
    "dew_point": {
      "mean": 3.623775005340576,
      "stdev": 10.791557312011719
    },
    "refl_0_65um_nom": {
      "mean": 37.77339172363281,
      "stdev": 24.01656150817871
    },
    "refl_0_65um_nom_stddev_3x3": {
      "mean": 4.2714619636535645,
      "stdev": 4.357296466827393
    },
    "refl_3_75um_nom": {
      "mean": 11.711822509765625,
      "stdev": 13.203658103942871
    },
    "relative_humidity": {
      "mean": 52.16599655151367,
      "stdev": 24.19881820678711
    },
    "solar_zenith_angle": {
      "mean": 59.05221939086914,
      "stdev": 18.75990867614746
    },
    "surface_albedo": {
      "mean": 0.2656537890434265,
      "stdev": 0.19386303424835205
    },
    "temp_11_0um_nom": {
      "mean": 271.20196533203125,
      "stdev": 22.98775863647461
    },
    "temp_11_0um_nom_stddev_3x3": {
      "mean": 2.0730724334716797,
      "stdev": 2.558567762374878
    },
    "temp_3_75um_nom": {
      "mean": 284.31085205078125,
      "stdev": 18.110124588012695
    },
    "total_precipitable_water": {
      "mean": 1.7258813381195068,
      "stdev": 1.2058420181274414
    }
  },
  "normalize": [
    true,
    false
  ],
  "one_hot_categories": {
    "flag": [
      "clear",
      "ice_cloud",
      "water_cloud",
      "bad_cloud"
    ]
  }
}