{
  "feature_names": [
    "solar_zenith_angle",
    "refl_0_65um_nom",
    "refl_0_65um_nom_stddev_3x3",
    "refl_3_75um_nom",
    "temp_3_75um_nom",
    "temp_11_0um_nom",
    "temp_11_0um_nom_stddev_3x3",
    "cloud_probability",
    "cloud_fraction",
    "air_temperature",
    "dew_point",
    "relative_humidity",
    "total_precipitable_water",
    "surface_albedo",
    "clear",
    "ice_cloud",
    "water_cloud",
    "bad_cloud"
  ],
  "label_names": [
    "cld_opd_dcomp",
    "cld_reff_dcomp"
  ],
  "norm_params": {
    "air_temperature": {
      "mean": 16.253742218017578,
      "stdev": 11.898984909057617
    },
    "cloud_fraction": {
      "mean": 0.5203772783279419,
      "stdev": 0.46477407217025757
    },
    "cloud_probability": {
      "mean": 0.5236859321594238,
      "stdev": 0.47799399495124817
    },
    "dew_point": {
      "mean": 4.245203495025635,
      "stdev": 10.95048713684082
    },
    "refl_0_65um_nom": {
      "mean": 37.05861282348633,
      "stdev": 24.173385620117188
    },
    "refl_0_65um_nom_stddev_3x3": {
      "mean": 4.2959160804748535,
      "stdev": 4.395666599273682
    },
    "refl_3_75um_nom": {
      "mean": 11.591987609863281,
      "stdev": 13.303605079650879
    },
    "relative_humidity": {
      "mean": 52.0406608581543,
      "stdev": 24.249210357666016
    },
    "solar_zenith_angle": {
      "mean": 58.7281379699707,
      "stdev": 18.93829345703125
    },
    "surface_albedo": {
      "mean": 0.25794336199760437,
      "stdev": 0.1878911554813385
    },
    "temp_11_0um_nom": {
      "mean": 271.90875244140625,
      "stdev": 22.944488525390625
    },
    "temp_11_0um_nom_stddev_3x3": {
      "mean": 2.069525957107544,
      "stdev": 2.5679824352264404
    },
    "temp_3_75um_nom": {
      "mean": 284.7548828125,
      "stdev": 17.994855880737305
    },
    "total_precipitable_water": {
      "mean": 1.8076215982437134,
      "stdev": 1.2750178575515747
    }
  },
  "normalize": [
    true,
    false
  ],
  "one_hot_categories": {
    "flag": [
      "clear",
      "ice_cloud",
      "water_cloud",
      "bad_cloud"
    ]
  }
}