{
  "feature_names": [
    "solar_zenith_angle",
    "refl_0_65um_nom",
    "refl_0_65um_nom_stddev_3x3",
    "refl_3_75um_nom",
    "temp_3_75um_nom",
    "temp_11_0um_nom",
    "temp_11_0um_nom_stddev_3x3",
    "cloud_probability",
    "cloud_fraction",
    "air_temperature",
    "dew_point",
    "relative_humidity",
    "total_precipitable_water",
    "surface_albedo",
    "clear",
    "ice_cloud",
    "water_cloud",
    "bad_cloud"
  ],
  "label_names": [
    "cld_opd_dcomp",
    "cld_reff_dcomp"
  ],
  "norm_params": {
    "air_temperature": {
      "mean": 16.25046730041504,
      "stdev": 11.898489952087402
    },
    "cloud_fraction": {
      "mean": 0.5605701208114624,
      "stdev": 0.45438477396965027
    },
    "cloud_probability": {
      "mean": 0.5583774447441101,
      "stdev": 0.466971755027771
    },
    "dew_point": {
      "mean": 4.244284152984619,
      "stdev": 10.950394630432129
    },
    "refl_0_65um_nom": {
      "mean": 37.6637077331543,
      "stdev": 24.206701278686523
    },
    "refl_0_65um_nom_stddev_3x3": {
      "mean": 4.360701084136963,
      "stdev": 4.475872993469238
    },
    "refl_3_75um_nom": {
      "mean": 11.488356590270996,
      "stdev": 12.913257598876953
    },
    "relative_humidity": {
      "mean": 52.04763412475586,
      "stdev": 24.251813888549805
    },
    "solar_zenith_angle": {
      "mean": 58.7281379699707,
      "stdev": 18.938295364379883
    },
    "surface_albedo": {
      "mean": 0.2741214334964752,
      "stdev": 0.22844143211841583
    },
    "temp_11_0um_nom": {
      "mean": 272.0002746582031,
      "stdev": 22.708831787109375
    },
    "temp_11_0um_nom_stddev_3x3": {
      "mean": 2.051027774810791,
      "stdev": 2.4818954467773438
    },
    "temp_3_75um_nom": {
      "mean": 284.7615661621094,
      "stdev": 17.71455192565918
    },
    "total_precipitable_water": {
      "mean": 1.8072603940963745,
      "stdev": 1.2747504711151123
    }
  },
  "normalize": [
    true,
    false
  ],
  "one_hot_categories": {
    "flag": [
      "clear",
      "ice_cloud",
      "water_cloud",
      "bad_cloud"
    ]
  }
}