{
  "feature_names": [
    "solar_zenith_angle",
    "refl_0_65um_nom",
    "refl_0_65um_nom_stddev_3x3",
    "refl_3_75um_nom",
    "temp_3_75um_nom",
    "temp_11_0um_nom",
    "temp_11_0um_nom_stddev_3x3",
    "cloud_probability",
    "cloud_fraction",
    "air_temperature",
    "dew_point",
    "relative_humidity",
    "total_precipitable_water",
    "surface_albedo",
    "clear",
    "ice_cloud",
    "water_cloud",
    "bad_cloud"
  ],
  "label_names": [
    "cld_opd_dcomp",
    "cld_reff_dcomp"
  ],
  "norm_params": {
    "air_temperature": {
      "mean": 16.253742218017578,
      "stdev": 11.898984909057617
    },
    "cloud_fraction": {
      "mean": 0.5280377268791199,
      "stdev": 0.4621219038963318
    },
    "cloud_probability": {
      "mean": 0.5367280840873718,
      "stdev": 0.47526031732559204
    },
    "dew_point": {
      "mean": 4.245203495025635,
      "stdev": 10.95048713684082
    },
    "refl_0_65um_nom": {
      "mean": 37.5047607421875,
      "stdev": 24.290719985961914
    },
    "refl_0_65um_nom_stddev_3x3": {
      "mean": 4.424156188964844,
      "stdev": 4.518242835998535
    },
    "refl_3_75um_nom": {
      "mean": 11.667850494384766,
      "stdev": 13.170653343200684
    },
    "relative_humidity": {
      "mean": 52.0406608581543,
      "stdev": 24.249210357666016
    },
    "solar_zenith_angle": {
      "mean": 58.7281379699707,
      "stdev": 18.93829345703125
    },
    "surface_albedo": {
      "mean": 0.2741214334964752,
      "stdev": 0.22844143211841583
    },
    "temp_11_0um_nom": {
      "mean": 271.8423767089844,
      "stdev": 22.790388107299805
    },
    "temp_11_0um_nom_stddev_3x3": {
      "mean": 2.087268590927124,
      "stdev": 2.553351640701294
    },
    "temp_3_75um_nom": {
      "mean": 284.7368469238281,
      "stdev": 17.892780303955078
    },
    "total_precipitable_water": {
      "mean": 1.8076215982437134,
      "stdev": 1.2750178575515747
    }
  },
  "normalize": [
    true,
    false
  ],
  "one_hot_categories": {
    "flag": [
      "clear",
      "ice_cloud",
      "water_cloud",
      "bad_cloud"
    ]
  }
}