{
  "feature_names": [
    "solar_zenith_angle",
    "refl_0_65um_nom",
    "refl_0_65um_nom_stddev_3x3",
    "refl_3_75um_nom",
    "temp_3_75um_nom",
    "temp_11_0um_nom",
    "temp_11_0um_nom_stddev_3x3",
    "cloud_probability",
    "cloud_fraction",
    "air_temperature",
    "dew_point",
    "relative_humidity",
    "total_precipitable_water",
    "surface_albedo",
    "clear",
    "ice_cloud",
    "water_cloud",
    "bad_cloud"
  ],
  "label_names": [
    "cld_opd_dcomp",
    "cld_reff_dcomp"
  ],
  "norm_params": {
    "air_temperature": {
      "mean": 16.44347381591797,
      "stdev": 11.916886329650879
    },
    "cloud_fraction": {
      "mean": 0.5151607394218445,
      "stdev": 0.4630798101425171
    },
    "cloud_probability": {
      "mean": 0.523729145526886,
      "stdev": 0.4760521650314331
    },
    "dew_point": {
      "mean": 4.412693023681641,
      "stdev": 11.142888069152832
    },
    "refl_0_65um_nom": {
      "mean": 36.954803466796875,
      "stdev": 23.885303497314453
    },
    "refl_0_65um_nom_stddev_3x3": {
      "mean": 4.205406188964844,
      "stdev": 4.418823719024658
    },
    "refl_3_75um_nom": {
      "mean": 11.61796760559082,
      "stdev": 12.984912872314453
    },
    "relative_humidity": {
      "mean": 51.88046646118164,
      "stdev": 23.96417236328125
    },
    "solar_zenith_angle": {
      "mean": 58.68610382080078,
      "stdev": 18.953292846679688
    },
    "surface_albedo": {
      "mean": 0.26883283257484436,
      "stdev": 0.22532892227172852
    },
    "temp_11_0um_nom": {
      "mean": 272.2748107910156,
      "stdev": 22.906856536865234
    },
    "temp_11_0um_nom_stddev_3x3": {
      "mean": 2.059061050415039,
      "stdev": 2.5655264854431152
    },
    "temp_3_75um_nom": {
      "mean": 284.98565673828125,
      "stdev": 17.984359741210938
    },
    "total_precipitable_water": {
      "mean": 1.8226925134658813,
      "stdev": 1.2872865200042725
    }
  },
  "normalize": [
    true,
    false
  ],
  "one_hot_categories": {
    "flag": [
      "clear",
      "ice_cloud",
      "water_cloud",
      "bad_cloud"
    ]
  }
}