{
  "feature_names": [
    "solar_zenith_angle",
    "refl_0_65um_nom",
    "refl_0_65um_nom_stddev_3x3",
    "refl_3_75um_nom",
    "temp_3_75um_nom",
    "temp_11_0um_nom",
    "temp_11_0um_nom_stddev_3x3",
    "cloud_probability",
    "cloud_fraction",
    "air_temperature",
    "dew_point",
    "relative_humidity",
    "total_precipitable_water",
    "surface_albedo",
    "clear",
    "ice_cloud",
    "water_cloud",
    "bad_cloud"
  ],
  "label_names": [
    "cld_opd_dcomp",
    "cld_reff_dcomp"
  ],
  "norm_params": {
    "air_temperature": {
      "mean": 15.544737815856934,
      "stdev": 11.96288776397705
    },
    "cloud_fraction": {
      "mean": 0.5718453526496887,
      "stdev": 0.4531960189342499
    },
    "cloud_probability": {
      "mean": 0.5703142285346985,
      "stdev": 0.4650135636329651
    },
    "dew_point": {
      "mean": 3.6229002475738525,
      "stdev": 10.791472434997559
    },
    "refl_0_65um_nom": {
      "mean": 38.41593551635742,
      "stdev": 24.074554443359375
    },
    "refl_0_65um_nom_stddev_3x3": {
      "mean": 4.33864688873291,
      "stdev": 4.4493727684021
    },
    "refl_3_75um_nom": {
      "mean": 11.635608673095703,
      "stdev": 12.868382453918457
    },
    "relative_humidity": {
      "mean": 52.172630310058594,
      "stdev": 24.201107025146484
    },
    "solar_zenith_angle": {
      "mean": 59.0522346496582,
      "stdev": 18.75991439819336
    },
    "surface_albedo": {
      "mean": 0.2831729054450989,
      "stdev": 0.23577003180980682
    },
    "temp_11_0um_nom": {
      "mean": 271.2571716308594,
      "stdev": 22.757789611816406
    },
    "temp_11_0um_nom_stddev_3x3": {
      "mean": 2.053499460220337,
      "stdev": 2.4755687713623047
    },
    "temp_3_75um_nom": {
      "mean": 284.2978820800781,
      "stdev": 17.830636978149414
    },
    "total_precipitable_water": {
      "mean": 1.7255464792251587,
      "stdev": 1.2055833339691162
    }
  },
  "normalize": [
    true,
    false
  ],
  "one_hot_categories": {
    "flag": [
      "clear",
      "ice_cloud",
      "water_cloud",
      "bad_cloud"
    ]
  }
}