{
  "feature_names": [
    "solar_zenith_angle",
    "refl_0_65um_nom",
    "refl_0_65um_nom_stddev_3x3",
    "refl_3_75um_nom",
    "temp_3_75um_nom",
    "temp_11_0um_nom",
    "temp_11_0um_nom_stddev_3x3",
    "cloud_probability",
    "cloud_fraction",
    "air_temperature",
    "dew_point",
    "relative_humidity",
    "total_precipitable_water",
    "surface_albedo",
    "clear",
    "ice_cloud",
    "water_cloud",
    "bad_cloud"
  ],
  "label_names": [
    "cld_opd_dcomp",
    "cld_reff_dcomp"
  ],
  "norm_params": {
    "air_temperature": {
      "mean": 16.177200317382812,
      "stdev": 11.952332496643066
    },
    "cloud_fraction": {
      "mean": 0.5631129145622253,
      "stdev": 0.4558013081550598
    },
    "cloud_probability": {
      "mean": 0.5607268214225769,
      "stdev": 0.46766597032546997
    },
    "dew_point": {
      "mean": 5.53294038772583,
      "stdev": 11.296670913696289
    },
    "refl_0_65um_nom": {
      "mean": 38.04167556762695,
      "stdev": 24.386552810668945
    },
    "refl_0_65um_nom_stddev_3x3": {
      "mean": 4.062688827514648,
      "stdev": 4.259820938110352
    },
    "refl_3_75um_nom": {
      "mean": 11.606649398803711,
      "stdev": 13.09022331237793
    },
    "relative_humidity": {
      "mean": 56.283451080322266,
      "stdev": 24.083152770996094
    },
    "solar_zenith_angle": {
      "mean": 58.72780227661133,
      "stdev": 18.941598892211914
    },
    "surface_albedo": {
      "mean": 0.26763060688972473,
      "stdev": 0.22336043417453766
    },
    "temp_11_0um_nom": {
      "mean": 271.89044189453125,
      "stdev": 22.68860626220703
    },
    "temp_11_0um_nom_stddev_3x3": {
      "mean": 1.8738720417022705,
      "stdev": 2.326385021209717
    },
    "temp_3_75um_nom": {
      "mean": 284.7079162597656,
      "stdev": 17.801530838012695
    },
    "total_precipitable_water": {
      "mean": 1.9368553161621094,
      "stdev": 1.3293038606643677
    }
  },
  "normalize": [
    true,
    false
  ],
  "one_hot_categories": {
    "flag": [
      "clear",
      "ice_cloud",
      "water_cloud",
      "bad_cloud"
    ]
  }
}